S.No.,Scheme Name
1,Mission of Integrated Development of Horticulture (MIDH)
2,National Food Security Mission (NFSM)
3,National Mission on Oilseeds and Oil Palm (NMOOP)
4,National Mission on Agricultural Extension & Technology (NMAET)
5,National Mission for Sustainable Agriculture (NMSA) including Soil Health Card (SHC)
6,Crop Insurance Progamme (CIP)
7,Integrated Scheme on Agriculture Cooperation (ISAC)
8,Integrated Scheme for Agricultural Marketing (ISAM)
9,"Integrated Scheme on Agriculture Census, Economics and Statistics (ISACE&S)"
10,Investment in Debentures of State Land Development Banks
11,Rashtriya Krishi Vikas Yojana (RKVY)
12,NA
13,Price Stabilization Fund (PSF)
14,Pradhan Mantri Krishi Sinchai Yojana (PMKSY)
